1741615331367;45.02823;7.65221
1741615331370.9795;45.02786;7.65337
1741615331374.959;45.02716;7.65342
1741615331378.9385;45.02632;7.65298
1741615331382.918;45.02547;7.65255
1741615331386.8975;45.02479;7.65270
1741615331390.877;45.02439;7.65384
1741615331394.8564;45.02399;7.65498
1741615331398.836;45.02364;7.65615
1741615331402.8154;45.02327;7.65730
1741615331406.795;45.02301;7.65852
1741615331410.7744;45.02276;7.65974
1741615331414.754;45.02251;7.66096
1741615331418.7334;45.02226;7.66218
1741615331422.713;45.02194;7.66324
1741615331426.6924;45.02107;7.66291
1741615331430.6719;45.02020;7.66257
1741615331434.6514;45.01933;7.66224
1741615331438.6309;45.01847;7.66192
1741615331442.6104;45.01823;7.66314
1741615331446.5898;45.01798;7.66437
1741615331450.5693;45.01775;7.66560
1741615331454.5488;45.01752;7.66683
1741615331458.5283;45.01705;7.66785
1741615331462.5078;45.01628;7.66847
1741615331466.4873;45.01539;7.66860
1741615331470.4668;45.01452;7.66895
1741615331474.4463;45.01366;7.66931
1741615331478.4258;45.01280;7.66966
1741615331482.4053;45.01193;7.67002
1741615331486.3848;45.01107;7.67038
1741615331490.3643;45.01021;7.67074
1741615331494.3438;45.00935;7.67111
1741615331498.3232;45.00851;7.67156
1741615331502.3027;45.00767;7.67202
1741615331506.2822;45.00681;7.67239
1741615331510.2617;45.00595;7.67276
1741615331514.2412;45.00514;7.67329
1741615331518.2207;45.00443;7.67407
1741615331522.2002;45.00376;7.67492
1741615331526.1797;45.00298;7.67554
1741615331530.1592;45.00209;7.67574
1741615331534.1387;45.00122;7.67545
1741615331538.1182;45.00034;7.67521
1741615331542.0977;44.99946;7.67535
1741615331546.0771;44.99862;7.67582
1741615331550.0566;44.99779;7.67632
1741615331554.0361;44.99700;7.67691
1741615331558.0156;44.99630;7.67771
1741615331561.995;44.99567;7.67861
1741615331565.9746;44.99515;7.67964
1741615331569.954;44.99472;7.68076
1741615331573.9336;44.99429;7.68188
1741615331577.913;44.99387;7.68301
1741615331581.8926;44.99345;7.68413
1741615331585.872;44.99303;7.68525
1741615331589.8516;44.99260;7.68637
1741615331593.831;44.99218;7.68750
1741615331597.8105;44.99176;7.68862
1741615331601.79;44.99134;7.68974
1741615331605.7695;44.99092;7.69086
1741615331609.749;44.99049;7.69199
1741615331613.7285;44.99006;7.69310
1741615331617.708;44.98959;7.69418
1741615331621.6875;44.98903;7.69518
1741615331625.667;44.98839;7.69607
1741615331629.6465;44.98769;7.69687
1741615331633.626;44.98693;7.69754
1741615331637.6055;44.98612;7.69810
1741615331641.585;44.98527;7.69852
1741615331645.5645;44.98440;7.69881
1741615331649.544;44.98351;7.69904
1741615331653.5234;44.98263;7.69928
1741615331657.503;44.98175;7.69951
1741615331661.4824;44.98086;7.69975
1741615331665.462;44.97998;7.69998
1741615331669.4414;44.97909;7.70021
1741615331673.421;44.97821;7.70045
1741615331677.4004;44.97733;7.70068
1741615331681.38;44.97644;7.70092
1741615331685.3594;44.97556;7.70115
1741615331689.3389;44.97467;7.70138
1741615331693.3184;44.97379;7.70162
1741615331697.2979;44.97291;7.70185
1741615331701.2773;44.97202;7.70208
1741615331705.2568;44.97114;7.70231
1741615331709.2363;44.97024;7.70240
1741615331713.2158;44.96936;7.70239
1741615331717.1953;44.96921;7.70128
1741615331721.1748;44.96975;7.70028
1741615331725.1543;44.97054;7.69978
1741615331729.1338;44.97096;7.70077
1741615331733.1133;44.97095;7.70204
1741615331737.0928;44.97085;7.70330
1741615331741.0723;44.97074;7.70456
1741615331745.0518;44.97062;7.70582
1741615331749.0312;44.97043;7.70707
1741615331753.0107;44.97024;7.70831
1741615331756.9902;44.97006;7.70955
1741615331760.9697;44.96988;7.71080
1741615331764.9492;44.96969;7.71204
1741615331768.9287;44.96951;7.71329
1741615331772.9082;44.96933;7.71453
1741615331776.8877;44.96914;7.71578
1741615331780.8672;44.96896;7.71702
1741615331784.8467;44.96877;7.71826
1741615331788.8262;44.96859;7.71951
1741615331792.8057;44.96841;7.72075
1741615331796.7852;44.96822;7.72200
1741615331800.7646;44.96803;7.72324
1741615331804.7441;44.96785;7.72448
1741615331808.7236;44.96766;7.72573
1741615331812.7031;44.96748;7.72697
1741615331816.6826;44.96729;7.72821
1741615331820.662;44.96711;7.72946
1741615331824.6416;44.96692;7.73070
1741615331828.621;44.96673;7.73194
1741615331832.6006;44.96654;7.73319
1741615331836.58;44.96634;7.73443
1741615331840.5596;44.96608;7.73564
1741615331844.539;44.96583;7.73686
1741615331848.5186;44.96566;7.73811
1741615331852.498;44.96550;7.73936
1741615331856.4775;44.96532;7.74061
1741615331860.457;44.96512;7.74184
1741615331864.4365;44.96491;7.74308
1741615331868.416;44.96471;7.74432
1741615331872.3955;44.96450;7.74556
1741615331876.375;44.96429;7.74679
1741615331880.3545;44.96407;7.74803
1741615331884.334;44.96386;7.74926
1741615331888.3135;44.96366;7.75050
1741615331892.293;44.96345;7.75174
1741615331896.2725;44.96324;7.75297
1741615331900.252;44.96304;7.75421
1741615331904.2314;44.96283;7.75545
1741615331908.211;44.96262;7.75668
1741615331912.1904;44.96241;7.75792
1741615331916.17;44.96221;7.75916
1741615331920.1494;44.96200;7.76039
1741615331924.129;44.96179;7.76163
1741615331928.1084;44.96159;7.76287
1741615331932.088;44.96138;7.76410
1741615331936.0674;44.96117;7.76534
1741615331940.0469;44.96097;7.76658
1741615331944.0264;44.96076;7.76781
1741615331948.0059;44.96055;7.76905
1741615331951.9854;44.96035;7.77029
1741615331955.9648;44.96014;7.77153
1741615331959.9443;44.95993;7.77276
1741615331963.9238;44.95975;7.77401
1741615331967.9033;44.95961;7.77526
1741615331971.8828;44.95953;7.77653
1741615331975.8623;44.95949;7.77780
1741615331979.8418;44.95951;7.77907
1741615331983.8213;44.95955;7.78034
1741615331987.8008;44.95960;7.78161
1741615331991.7803;44.95965;7.78288
1741615331995.7598;44.95968;7.78414
1741615331999.7393;44.95971;7.78542
1741615332003.7188;44.95971;7.78669
1741615332007.6982;44.95967;7.78796
1741615332011.6777;44.95961;7.78922
1741615332015.6572;44.95956;7.79049
1741615332019.6367;44.95951;7.79176
1741615332023.6162;44.95945;7.79303
1741615332027.5957;44.95940;7.79430
1741615332031.5752;44.95935;7.79557
1741615332035.5547;44.95929;7.79684
1741615332039.5342;44.95924;7.79810
1741615332043.5137;44.95918;7.79937
1741615332047.4932;44.95913;7.80064
1741615332051.4727;44.95908;7.80191
1741615332055.4521;44.95902;7.80318
1741615332059.4316;44.95897;7.80445
1741615332063.4111;44.95892;7.80572
1741615332067.3906;44.95886;7.80699
1741615332071.37;44.95881;7.80825
1741615332075.3496;44.95875;7.80952
1741615332079.329;44.95870;7.81079
1741615332083.3086;44.95865;7.81206
1741615332087.288;44.95859;7.81333
1741615332091.2676;44.95852;7.81460
1741615332095.247;44.95846;7.81586
1741615332099.2266;44.95838;7.81713
1741615332103.206;44.95831;7.81840
1741615332107.1855;44.95823;7.81966
1741615332111.165;44.95815;7.82093
1741615332115.1445;44.95807;7.82219
1741615332119.124;44.95800;7.82346
1741615332123.1035;44.95792;7.82473
1741615332127.083;44.95784;7.82599
1741615332131.0625;44.95777;7.82726
1741615332135.042;44.95769;7.82853
1741615332139.0215;44.95762;7.82979
1741615332143.001;44.95755;7.83106
1741615332146.9805;44.95747;7.83233
1741615332150.96;44.95740;7.83359
1741615332154.9395;44.95733;7.83486
1741615332158.919;44.95725;7.83613
1741615332162.8984;44.95718;7.83739
1741615332166.878;44.95711;7.83866
1741615332170.8574;44.95705;7.83993
1741615332174.837;44.95700;7.84120
1741615332178.8164;44.95695;7.84246
1741615332182.796;44.95689;7.84373
1741615332186.7754;44.95684;7.84500
1741615332190.755;44.95679;7.84627
1741615332194.7344;44.95674;7.84754
1741615332198.7139;44.95668;7.84881
1741615332202.6934;44.95663;7.85008
1741615332206.6729;44.95658;7.85135
1741615332210.6523;44.95653;7.85261
1741615332214.6318;44.95648;7.85388
1741615332218.6113;44.95643;7.85515
1741615332222.5908;44.95638;7.85642
1741615332226.5703;44.95633;7.85769
1741615332230.5498;44.95627;7.85896
1741615332234.5293;44.95622;7.86023
1741615332238.5088;44.95617;7.86150
1741615332242.4883;44.95612;7.86277
1741615332246.4678;44.95607;7.86403
1741615332250.4473;44.95602;7.86530
1741615332254.4268;44.95597;7.86657
1741615332258.4062;44.95592;7.86784
1741615332262.3857;44.95587;7.86911
1741615332266.3652;44.95583;7.87038
1741615332270.3447;44.95578;7.87165
1741615332274.3242;44.95573;7.87292
1741615332278.3037;44.95568;7.87419
1741615332282.2832;44.95563;7.87545
1741615332286.2627;44.95558;7.87672
1741615332290.2422;44.95553;7.87799
1741615332294.2217;44.95549;7.87926
1741615332298.2012;44.95544;7.88053
1741615332302.1807;44.95539;7.88180
1741615332306.1602;44.95534;7.88307
1741615332310.1396;44.95529;7.88434
1741615332314.1191;44.95524;7.88561
1741615332318.0986;44.95519;7.88688
1741615332322.0781;44.95515;7.88814
1741615332326.0576;44.95510;7.88941
1741615332330.037;44.95504;7.89068
1741615332334.0166;44.95499;7.89195
1741615332337.996;44.95494;7.89322
1741615332341.9756;44.95488;7.89449
1741615332345.955;44.95483;7.89576
1741615332349.9346;44.95478;7.89703
1741615332353.914;44.95472;7.89829
1741615332357.8936;44.95467;7.89956
1741615332361.873;44.95462;7.90083
1741615332365.8525;44.95456;7.90210
1741615332369.832;44.95451;7.90337
1741615332373.8115;44.95446;7.90464
1741615332377.791;44.95440;7.90591
1741615332381.7705;44.95435;7.90717
1741615332385.75;44.95430;7.90844
1741615332389.7295;44.95424;7.90971
1741615332393.709;44.95418;7.91098
1741615332397.6885;44.95409;7.91224
1741615332401.668;44.95400;7.91351
1741615332405.6475;44.95390;7.91477
1741615332409.627;44.95377;7.91603
1741615332413.6064;44.95363;7.91728
1741615332417.586;44.95349;7.91854
1741615332421.5654;44.95334;7.91979
1741615332425.545;44.95314;7.92103
1741615332429.5244;44.95285;7.92223
1741615332433.504;44.95267;7.92347
1741615332437.4834;44.95269;7.92474
1741615332441.463;44.95266;7.92601
1741615332445.4424;44.95254;7.92727
1741615332449.4219;44.95240;7.92852
1741615332453.4014;44.95226;7.92978
1741615332457.3809;44.95212;7.93103
1741615332461.3604;44.95198;7.93229
1741615332465.3398;44.95184;7.93354
1741615332469.3193;44.95170;7.93480
1741615332473.2988;44.95156;7.93605
1741615332477.2783;44.95142;7.93731
1741615332481.2578;44.95128;7.93856
1741615332485.2373;44.95114;7.93982
1741615332489.2168;44.95100;7.94107
1741615332493.1963;44.95086;7.94233
1741615332497.1758;44.95072;7.94358
1741615332501.1553;44.95058;7.94484
1741615332505.1348;44.95044;7.94609
1741615332509.1143;44.95030;7.94735
1741615332513.0938;44.95016;7.94861
1741615332517.0732;44.95002;7.94986
1741615332521.0527;44.94988;7.95112
1741615332525.0322;44.94975;7.95237
1741615332529.0117;44.94961;7.95363
1741615332532.9912;44.94947;7.95488
1741615332536.9707;44.94933;7.95614
1741615332540.9502;44.94918;7.95739
1741615332544.9297;44.94904;7.95865
1741615332548.9092;44.94890;7.95990
1741615332552.8887;44.94875;7.96116
1741615332556.8682;44.94861;7.96241
1741615332560.8477;44.94848;7.96367
1741615332564.8271;44.94834;7.96492
1741615332568.8066;44.94820;7.96618
1741615332572.7861;44.94806;7.96743
1741615332576.7656;44.94792;7.96869
1741615332580.745;44.94773;7.96993
1741615332584.7246;44.94749;7.97116
1741615332588.704;44.94720;7.97236
1741615332592.6836;44.94682;7.97351
1741615332596.663;44.94642;7.97465
1741615332600.6426;44.94595;7.97573
1741615332604.622;44.94543;7.97677
1741615332608.6016;44.94487;7.97776
1741615332612.581;44.94427;7.97870
1741615332616.5605;44.94364;7.97961
1741615332620.54;44.94300;7.98050
1741615332624.5195;44.94236;7.98140
1741615332628.499;44.94174;7.98231
1741615332632.4785;44.94111;7.98322
1741615332636.458;44.94048;7.98414
1741615332640.4375;44.93987;7.98507
1741615332644.417;44.93927;7.98601
1741615332648.3965;44.93868;7.98697
1741615332652.376;44.93810;7.98794
1741615332656.3555;44.93755;7.98894
1741615332660.335;44.93700;7.98995
1741615332664.3145;44.93646;7.99097
1741615332668.294;44.93596;7.99202
1741615332672.2734;44.93545;7.99307
1741615332676.253;44.93495;7.99412
1741615332680.2324;44.93446;7.99519
1741615332684.212;44.93397;7.99625
1741615332688.1914;44.93348;7.99732
1741615332692.171;44.93299;7.99838
1741615332696.1504;44.93250;7.99945
1741615332700.13;44.93201;8.00051
1741615332704.1094;44.93152;8.00158
1741615332708.0889;44.93103;8.00264
1741615332712.0684;44.93053;8.00370
1741615332716.0479;44.93004;8.00477
1741615332720.0273;44.92955;8.00583
1741615332724.0068;44.92906;8.00689
1741615332727.9863;44.92856;8.00796
1741615332731.9658;44.92807;8.00902
1741615332735.9453;44.92758;8.01008
1741615332739.9248;44.92709;8.01114
1741615332743.9043;44.92659;8.01221
1741615332747.8838;44.92610;8.01327
1741615332751.8633;44.92561;8.01433
1741615332755.8428;44.92512;8.01540
1741615332759.8223;44.92462;8.01646
1741615332763.8018;44.92413;8.01752
1741615332767.7812;44.92364;8.01858
1741615332771.7607;44.92314;8.01964
1741615332775.7402;44.92265;8.02071
1741615332779.7197;44.92216;8.02177
1741615332783.6992;44.92167;8.02283
1741615332787.6787;44.92117;8.02389
1741615332791.6582;44.92068;8.02496
1741615332795.6377;44.92019;8.02602
1741615332799.6172;44.91969;8.02708
1741615332803.5967;44.91920;8.02814
1741615332807.5762;44.91871;8.02920
1741615332811.5557;44.91821;8.03027
1741615332815.5352;44.91772;8.03133
1741615332819.5146;44.91723;8.03239
1741615332823.4941;44.91674;8.03345
1741615332827.4736;44.91624;8.03452
1741615332831.4531;44.91575;8.03557
1741615332835.4326;44.91525;8.03663
1741615332839.412;44.91475;8.03769
1741615332843.3916;44.91425;8.03875
1741615332847.371;44.91376;8.03981
1741615332851.3506;44.91327;8.04087
1741615332855.33;44.91277;8.04193
1741615332859.3096;44.91228;8.04300
1741615332863.289;44.91176;8.04403
1741615332867.2686;44.91122;8.04505
1741615332871.248;44.91069;8.04607
1741615332875.2275;44.91015;8.04709
1741615332879.207;44.90960;8.04809
1741615332883.1865;44.90903;8.04908
1741615332887.166;44.90847;8.05007
1741615332891.1455;44.90791;8.05106
1741615332895.125;44.90735;8.05205
1741615332899.1045;44.90679;8.05305
1741615332903.084;44.90623;8.05404
1741615332907.0635;44.90567;8.05503
1741615332911.043;44.90510;8.05602
1741615332915.0225;44.90454;8.05701
1741615332919.002;44.90398;8.05801
1741615332922.9814;44.90346;8.05904
1741615332926.961;44.90298;8.06011
1741615332930.9404;44.90256;8.06124
1741615332934.92;44.90225;8.06242
1741615332938.8994;44.90198;8.06363
1741615332942.879;44.90184;8.06489
1741615332946.8584;44.90176;8.06615
1741615332950.838;44.90180;8.06741
1741615332954.8174;44.90189;8.06868
1741615332958.7969;44.90200;8.06994
1741615332962.7764;44.90217;8.07118
1741615332966.7559;44.90234;8.07243
1741615332970.7354;44.90250;8.07368
1741615332974.7148;44.90266;8.07493
1741615332978.6943;44.90277;8.07619
1741615332982.6738;44.90288;8.07745
1741615332986.6533;44.90299;8.07871
1741615332990.6328;44.90310;8.07997
1741615332994.6123;44.90321;8.08123
1741615332998.5918;44.90331;8.08249
1741615333002.5713;44.90342;8.08375
1741615333006.5508;44.90352;8.08501
1741615333010.5303;44.90363;8.08627
1741615333014.5098;44.90373;8.08753
1741615333018.4893;44.90384;8.08880
1741615333022.4688;44.90395;8.09006
1741615333026.4482;44.90406;8.09132
1741615333030.4277;44.90416;8.09258
1741615333034.4072;44.90427;8.09384
1741615333038.3867;44.90437;8.09510
1741615333042.3662;44.90448;8.09636
1741615333046.3457;44.90457;8.09762
1741615333050.3252;44.90463;8.09889
1741615333054.3047;44.90464;8.10016
1741615333058.2842;44.90460;8.10143
1741615333062.2637;44.90455;8.10270
1741615333066.2432;44.90445;8.10396
1741615333070.2227;44.90432;8.10521
1741615333074.2021;44.90416;8.10646
1741615333078.1816;44.90395;8.10770
1741615333082.1611;44.90375;8.10893
1741615333086.1406;44.90354;8.11017
1741615333090.12;44.90334;8.11141
1741615333094.0996;44.90313;8.11264
1741615333098.079;44.90292;8.11388
1741615333102.0586;44.90270;8.11511
1741615333106.038;44.90249;8.11634
1741615333110.0176;44.90226;8.11757
1741615333113.997;44.90207;8.11881
1741615333117.9766;44.90188;8.12005
1741615333121.956;44.90171;8.12130
1741615333125.9355;44.90157;8.12255
1741615333129.915;44.90146;8.12381
1741615333133.8945;44.90139;8.12508
1741615333137.874;44.90138;8.12635
1741615333141.8535;44.90138;8.12762
1741615333145.833;44.90138;8.12889
1741615333149.8125;44.90138;8.13016
1741615333153.792;44.90139;8.13143
1741615333157.7715;44.90144;8.13269
1741615333161.751;44.90151;8.13396
1741615333165.7305;44.90162;8.13522
1741615333169.71;44.90176;8.13647
1741615333173.6895;44.90192;8.13772
1741615333177.669;44.90208;8.13897
1741615333181.6484;44.90224;8.14022
1741615333185.628;44.90240;8.14147
1741615333189.6074;44.90257;8.14272
1741615333193.587;44.90271;8.14397
1741615333197.5664;44.90285;8.14523
1741615333201.546;44.90297;8.14648
1741615333205.5254;44.90311;8.14774
1741615333209.505;44.90325;8.14899
1741615333213.4844;44.90338;8.15025
1741615333217.4639;44.90351;8.15151
1741615333221.4434;44.90364;8.15276
1741615333225.4229;44.90377;8.15402
1741615333229.4023;44.90390;8.15528
1741615333233.3818;44.90402;8.15653
1741615333237.3613;44.90415;8.15779
1741615333241.3408;44.90428;8.15904
1741615333245.3203;44.90441;8.16030
1741615333249.2998;44.90454;8.16156
1741615333253.2793;44.90471;8.16281
1741615333257.2588;44.90490;8.16405
1741615333261.2383;44.90508;8.16529
1741615333265.2178;44.90532;8.16651
1741615333269.1973;44.90563;8.16770
1741615333273.1768;44.90596;8.16888
1741615333277.1562;44.90630;8.17006
1741615333281.1357;44.90666;8.17123
1741615333285.1152;44.90704;8.17237
1741615333289.0947;44.90746;8.17350
1741615333293.0742;44.90791;8.17459
1741615333297.0537;44.90838;8.17568
1741615333301.0332;44.90885;8.17676
1741615333305.0127;44.90936;8.17780
1741615333308.9922;44.90988;8.17884
1741615333312.9717;44.91042;8.17986
1741615333316.9512;44.91097;8.18086
1741615333320.9307;44.91157;8.18181
1741615333324.9102;44.91218;8.18274
1741615333328.8896;44.91281;8.18365
1741615333332.8691;44.91344;8.18455
1741615333336.8486;44.91405;8.18549
1741615333340.8281;44.91461;8.18648
1741615333344.8076;44.91514;8.18750
1741615333348.787;44.91561;8.18859
1741615333352.7666;44.91604;8.18970
1741615333356.746;44.91644;8.19084
1741615333360.7256;44.91677;8.19202
1741615333364.705;44.91707;8.19321
1741615333368.6846;44.91732;8.19443
1741615333372.664;44.91748;8.19568
1741615333376.6436;44.91761;8.19694
1741615333380.623;44.91770;8.19820
1741615333384.6025;44.91774;8.19947
1741615333388.582;44.91774;8.20074
1741615333392.5615;44.91766;8.20201
1741615333396.541;44.91754;8.20326
1741615333400.5205;44.91741;8.20452
1741615333404.5;44.91717;8.20574
1741615333408.4795;44.91691;8.20696
1741615333412.459;44.91659;8.20815
1741615333416.4385;44.91625;8.20932
1741615333420.418;44.91592;8.21050
1741615333424.3975;44.91560;8.21169
1741615333428.377;44.91538;8.21292
1741615333432.3564;44.91519;8.21416
1741615333436.336;44.91504;8.21541
1741615333440.3154;44.91493;8.21667
1741615333444.295;44.91483;8.21793
1741615333448.2744;44.91472;8.21920
1741615333452.254;44.91462;8.22046
1741615333456.2334;44.91452;8.22172
1741615333460.213;44.91438;8.22298
1741615333464.1924;44.91425;8.22423
1741615333468.1719;44.91409;8.22548
1741615333472.1514;44.91392;8.22673
1741615333476.1309;44.91373;8.22797
1741615333480.1104;44.91351;8.22920
1741615333484.0898;44.91325;8.23042
1741615333488.0693;44.91298;8.23163
1741615333492.0488;44.91270;8.23284
1741615333496.0283;44.91242;8.23404
1741615333500.0078;44.91212;8.23523
1741615333503.9873;44.91180;8.23643
1741615333507.9668;44.91149;8.23762
1741615333511.9463;44.91119;8.23881
1741615333515.9258;44.91090;8.24001
1741615333519.9053;44.91062;8.24122
1741615333523.8848;44.91037;8.24244
1741615333527.8643;44.91012;8.24366
1741615333531.8438;44.90991;8.24490
1741615333535.8232;44.90970;8.24613
1741615333539.8027;44.90950;8.24737
1741615333543.7822;44.90936;8.24862
1741615333547.7617;44.90921;8.24988
1741615333551.7412;44.90905;8.25113
1741615333555.7207;44.90891;8.25238
1741615333559.7002;44.90877;8.25363
1741615333563.6797;44.90864;8.25489
1741615333567.6592;44.90850;8.25614
1741615333571.6387;44.90838;8.25740
1741615333575.6182;44.90831;8.25867
1741615333579.5977;44.90826;8.25994
1741615333583.5771;44.90822;8.26120
1741615333587.5566;44.90821;8.26247
1741615333591.5361;44.90823;8.26374
1741615333595.5156;44.90824;8.26501
1741615333599.495;44.90828;8.26628
1741615333603.4746;44.90831;8.26755
1741615333607.454;44.90834;8.26882
1741615333611.4336;44.90837;8.27009
1741615333615.413;44.90841;8.27136
1741615333619.3926;44.90845;8.27263
1741615333623.372;44.90849;8.27389
1741615333627.3516;44.90852;8.27516
1741615333631.331;44.90856;8.27643
1741615333635.3105;44.90861;8.27770
1741615333639.29;44.90870;8.27896
1741615333643.2695;44.90885;8.28021
1741615333647.249;44.90903;8.28146
1741615333651.2285;44.90924;8.28269
1741615333655.208;44.90948;8.28392
1741615333659.1875;44.90974;8.28513
1741615333663.167;44.91001;8.28634
1741615333667.1465;44.91025;8.28757
1741615333671.126;44.91042;8.28881
1741615333675.1055;44.91056;8.29007
1741615333679.085;44.91065;8.29133
1741615333683.0645;44.91070;8.29260
1741615333687.044;44.91072;8.29387
1741615333691.0234;44.91068;8.29514
1741615333695.003;44.91055;8.29639
1741615333698.9824;44.91040;8.29764
1741615333702.962;44.91022;8.29889
1741615333706.9414;44.91004;8.30013
1741615333710.921;44.90985;8.30137
1741615333714.9004;44.90967;8.30261
1741615333718.88;44.90950;8.30386
1741615333722.8594;44.90935;8.30511
1741615333726.8389;44.90921;8.30637
1741615333730.8184;44.90910;8.30763
1741615333734.7979;44.90902;8.30889
1741615333738.7773;44.90894;8.31016
1741615333742.7568;44.90886;8.31142
1741615333746.7363;44.90878;8.31269
1741615333750.7158;44.90870;8.31395
1741615333754.6953;44.90863;8.31522
1741615333758.6748;44.90859;8.31649
1741615333762.6543;44.90863;8.31776
1741615333766.6338;44.90874;8.31901
1741615333770.6133;44.90890;8.32027
1741615333774.5928;44.90909;8.32151
1741615333778.5723;44.90931;8.32273
1741615333782.5518;44.90954;8.32396
1741615333786.5312;44.90974;8.32520
1741615333790.5107;44.90987;8.32645
1741615333794.4902;44.90990;8.32772
1741615333798.4697;44.90983;8.32899
1741615333802.4492;44.90964;8.33022
1741615333806.4287;44.90933;8.33142
1741615333810.4082;44.90892;8.33254
1741615333814.3877;44.90843;8.33360
1741615333818.3672;44.90792;8.33465
1741615333822.3467;44.90741;8.33570
1741615333826.3262;44.90693;8.33677
1741615333830.3057;44.90649;8.33787
1741615333834.2852;44.90609;8.33901
1741615333838.2646;44.90569;8.34015
1741615333842.2441;44.90537;8.34134
1741615333846.2236;44.90505;8.34252
1741615333850.2031;44.90480;8.34374
1741615333854.1826;44.90455;8.34496
1741615333858.162;44.90435;8.34620
1741615333862.1416;44.90419;8.34745
1741615333866.121;44.90405;8.34870
1741615333870.1006;44.90398;8.34997
1741615333874.08;44.90393;8.35123
1741615333878.0596;44.90393;8.35250
1741615333882.039;44.90394;8.35377
1741615333886.0186;44.90398;8.35504
1741615333889.998;44.90403;8.35631
1741615333893.9775;44.90406;8.35758
1741615333897.957;44.90410;8.35885
1741615333901.9365;44.90413;8.36012
1741615333905.916;44.90416;8.36138
1741615333909.8955;44.90420;8.36265
1741615333913.875;44.90423;8.36392
1741615333917.8545;44.90427;8.36519
1741615333921.834;44.90430;8.36646
1741615333925.8135;44.90434;8.36773
1741615333929.793;44.90437;8.36900
1741615333933.7725;44.90441;8.37027
1741615333937.752;44.90446;8.37153
1741615333941.7314;44.90451;8.37280
1741615333945.711;44.90456;8.37407
1741615333949.6904;44.90463;8.37533
1741615333953.67;44.90472;8.37660
1741615333957.6494;44.90481;8.37786
1741615333961.629;44.90493;8.37912
1741615333965.6084;44.90504;8.38038
1741615333969.588;44.90518;8.38163
1741615333973.5674;44.90536;8.38288
1741615333977.5469;44.90554;8.38412
1741615333981.5264;44.90572;8.38536
1741615333985.5059;44.90590;8.38661
1741615333989.4854;44.90609;8.38785
1741615333993.4648;44.90628;8.38909
1741615333997.4443;44.90647;8.39033
1741615334001.4238;44.90665;8.39158
1741615334005.4033;44.90683;8.39282
1741615334009.3828;44.90701;8.39406
1741615334013.3623;44.90719;8.39531
1741615334017.3418;44.90739;8.39655
1741615334021.3213;44.90761;8.39778
1741615334025.3008;44.90783;8.39901
1741615334029.2803;44.90807;8.40023
1741615334033.2598;44.90831;8.40146
1741615334037.2393;44.90856;8.40268
1741615334041.2188;44.90880;8.40390
1741615334045.1982;44.90905;8.40512
1741615334049.1777;44.90930;8.40634
1741615334053.1572;44.90955;8.40756
1741615334057.1367;44.90980;8.40878
1741615334061.1162;44.91004;8.41000
1741615334065.0957;44.91029;8.41122
1741615334069.0752;44.91054;8.41244
1741615334073.0547;44.91079;8.41366
1741615334077.0342;44.91104;8.41488
1741615334081.0137;44.91129;8.41610
1741615334084.9932;44.91154;8.41732
1741615334088.9727;44.91179;8.41854
1741615334092.9521;44.91205;8.41976
1741615334096.9316;44.91230;8.42098
1741615334100.9111;44.91255;8.42220
1741615334104.8906;44.91281;8.42341
1741615334108.87;44.91305;8.42464
1741615334112.8496;44.91329;8.42586
1741615334116.829;44.91352;8.42709
1741615334120.8086;44.91376;8.42831
1741615334124.788;44.91400;8.42954
1741615334128.7676;44.91424;8.43076
1741615334132.747;44.91449;8.43198
1741615334136.7266;44.91474;8.43320
1741615334140.706;44.91499;8.43442
1741615334144.6855;44.91524;8.43564
1741615334148.665;44.91549;8.43686
1741615334152.6445;44.91575;8.43808
1741615334156.624;44.91599;8.43930
1741615334160.6035;44.91622;8.44053
1741615334164.583;44.91646;8.44175
1741615334168.5625;44.91669;8.44298
1741615334172.542;44.91689;8.44422
1741615334176.5215;44.91709;8.44546
1741615334180.501;44.91728;8.44669
1741615334184.4805;44.91748;8.44793
1741615334188.46;44.91767;8.44917
1741615334192.4395;44.91787;8.45041
1741615334196.419;44.91806;8.45165
1741615334200.3984;44.91826;8.45289
1741615334204.378;44.91845;8.45413
1741615334208.3574;44.91864;8.45538
1741615334212.337;44.91882;8.45662
1741615334216.3164;44.91900;8.45786
1741615334220.296;44.91919;8.45911
1741615334224.2754;44.91937;8.46035
1741615334228.255;44.91956;8.46159
1741615334232.2344;44.91975;8.46283
1741615334236.2139;44.91994;8.46407
1741615334240.1934;44.92012;8.46532
1741615334244.1729;44.92028;8.46657
1741615334248.1523;44.92044;8.46782
1741615334252.1318;44.92060;8.46907
1741615334256.1113;44.92076;8.47032
1741615334260.0908;44.92092;8.47157
1741615334264.0703;44.92109;8.47282
1741615334268.0498;44.92126;8.47406
1741615334272.0293;44.92143;8.47531
1741615334276.0088;44.92160;8.47656
1741615334279.9883;44.92177;8.47781
1741615334283.9678;44.92193;8.47905
1741615334287.9473;44.92210;8.48030
1741615334291.9268;44.92227;8.48155
1741615334295.9062;44.92244;8.48280
1741615334299.8857;44.92261;8.48404
1741615334303.8652;44.92278;8.48529
1741615334307.8447;44.92296;8.48654
1741615334311.8242;44.92313;8.48778
1741615334315.8037;44.92332;8.48902
1741615334319.7832;44.92352;8.49026
1741615334323.7627;44.92372;8.49150
1741615334327.7422;44.92393;8.49274
1741615334331.7217;44.92414;8.49397
1741615334335.7012;44.92436;8.49520
1741615334339.6807;44.92457;8.49644
1741615334343.6602;44.92478;8.49767
1741615334347.6396;44.92500;8.49890
1741615334351.6191;44.92522;8.50014
1741615334355.5986;44.92543;8.50137
1741615334359.5781;44.92564;8.50261
1741615334363.5576;44.92584;8.50384
1741615334367.537;44.92605;8.50508
1741615334371.5166;44.92626;8.50631
1741615334375.496;44.92647;8.50755
1741615334379.4756;44.92668;8.50878
1741615334383.455;44.92690;8.51002
1741615334387.4346;44.92711;8.51125
1741615334391.414;44.92733;8.51248
1741615334395.3936;44.92754;8.51372
1741615334399.373;44.92776;8.51495
1741615334403.3525;44.92797;8.51618
1741615334407.332;44.92818;8.51742
1741615334411.3115;44.92839;8.51865
1741615334415.291;44.92860;8.51989
1741615334419.2705;44.92880;8.52113
1741615334423.25;44.92902;8.52236
1741615334427.2295;44.92923;8.52360
1741615334431.209;44.92944;8.52483
1741615334435.1885;44.92965;8.52606
1741615334439.168;44.92987;8.52730
1741615334443.1475;44.93008;8.52853
1741615334447.127;44.93028;8.52977
1741615334451.1064;44.93049;8.53100
1741615334455.086;44.93070;8.53224
1741615334459.0654;44.93091;8.53348
1741615334463.045;44.93112;8.53471
1741615334467.0244;44.93133;8.53595
1741615334471.004;44.93154;8.53718
1741615334474.9834;44.93175;8.53842
1741615334478.963;44.93196;8.53965
1741615334482.9424;44.93217;8.54089
1741615334486.9219;44.93238;8.54212
1741615334490.9014;44.93258;8.54336
1741615334494.8809;44.93276;8.54460
1741615334498.8604;44.93295;8.54585
1741615334502.8398;44.93313;8.54709
1741615334506.8193;44.93327;8.54835
1741615334510.7988;44.93341;8.54960
1741615334514.7783;44.93355;8.55086
1741615334518.7578;44.93369;8.55211
1741615334522.7373;44.93383;8.55337
1741615334526.7168;44.93397;8.55462
1741615334530.6963;44.93411;8.55588
1741615334534.6758;44.93425;8.55713
1741615334538.6553;44.93439;8.55839
1741615334542.6348;44.93453;8.55964
1741615334546.6143;44.93467;8.56090
1741615334550.5938;44.93481;8.56215
1741615334554.5732;44.93495;8.56341
1741615334558.5527;44.93508;8.56466
1741615334562.5322;44.93523;8.56592
1741615334566.5117;44.93537;8.56717
1741615334570.4912;44.93552;8.56842
1741615334574.4707;44.93567;8.56967
1741615334578.4502;44.93586;8.57092
1741615334582.4297;44.93607;8.57215
1741615334586.4092;44.93633;8.57337
1741615334590.3887;44.93660;8.57458
1741615334594.3682;44.93692;8.57577
1741615334598.3477;44.93725;8.57695
1741615334602.3271;44.93761;8.57811
1741615334606.3066;44.93798;8.57927
1741615334610.2861;44.93835;8.58043
1741615334614.2656;44.93872;8.58159
1741615334618.245;44.93908;8.58275
1741615334622.2246;44.93938;8.58395
1741615334626.204;44.93967;8.58515
1741615334630.1836;44.93995;8.58636
1741615334634.163;44.94021;8.58758
1741615334638.1426;44.94043;8.58881
1741615334642.122;44.94061;8.59005
1741615334646.1016;44.94075;8.59131
1741615334650.081;44.94088;8.59256
1741615334654.0605;44.94099;8.59382
1741615334658.04;44.94110;8.59509
1741615334662.0195;44.94121;8.59635
1741615334665.999;44.94133;8.59761
1741615334669.9785;44.94144;8.59887
1741615334673.958;44.94155;8.60013
1741615334677.9375;44.94167;8.60139
1741615334681.917;44.94178;8.60265
1741615334685.8965;44.94189;8.60391
1741615334689.876;44.94201;8.60517
1741615334693.8555;44.94212;8.60643
1741615334697.835;44.94223;8.60769
1741615334701.8145;44.94235;8.60895
1741615334705.794;44.94246;8.61021
1741615334709.7734;44.94257;8.61147
1741615334713.753;44.94269;8.61273
1741615334717.7324;44.94280;8.61399
1741615334721.712;44.94291;8.61525
1741615334725.6914;44.94302;8.61651
1741615334729.671;44.94313;8.61778
1741615334733.6504;44.94324;8.61904
1741615334737.63;44.94335;8.62030
1741615334741.6094;44.94347;8.62156
1741615334745.5889;44.94359;8.62282
1741615334749.5684;44.94371;8.62407
1741615334753.5479;44.94383;8.62533
1741615334757.5273;44.94394;8.62660
1741615334761.5068;44.94404;8.62786
1741615334765.4863;44.94415;8.62912
1741615334769.4658;44.94427;8.63038
1741615334773.4453;44.94439;8.63164
1741615334777.4248;44.94450;8.63290
1741615334781.4043;44.94462;8.63416
1741615334785.3838;44.94467;8.63543
1741615334789.3633;44.94467;8.63670
1741615334793.3428;44.94462;8.63796
1741615334797.3223;44.94451;8.63922
1741615334801.3018;44.94433;8.64047
1741615334805.2812;44.94411;8.64170
1741615334809.2607;44.94382;8.64290
1741615334813.2402;44.94347;8.64408
1741615334817.2197;44.94307;8.64521
1741615334821.1992;44.94262;8.64631
1741615334825.1787;44.94212;8.64736
1741615334829.1582;44.94156;8.64836
1741615334833.1377;44.94096;8.64931
1741615334837.1172;44.94033;8.65020
1741615334841.0967;44.93965;8.65104
1741615334845.0762;44.93896;8.65186
1741615334849.0557;44.93828;8.65268
1741615334853.0352;44.93759;8.65351
1741615334857.0146;44.93691;8.65433
1741615334860.9941;44.93622;8.65515
1741615334864.9736;44.93553;8.65597
1741615334868.9531;44.93485;8.65680
1741615334872.9326;44.93416;8.65762
1741615334876.912;44.93348;8.65844
1741615334880.8916;44.93278;8.65925
1741615334884.871;44.93209;8.66006
1741615334888.8506;44.93142;8.66090
1741615334892.83;44.93078;8.66180
1741615334896.8096;44.93019;8.66275
1741615334900.789;44.92965;8.66376
1741615334904.7686;44.92915;8.66483
1741615334908.748;44.92871;8.66593
1741615334912.7275;44.92832;8.66707
1741615334916.707;44.92799;8.66825
1741615334920.6865;44.92770;8.66946
1741615334924.666;44.92748;8.67069
1741615334928.6455;44.92732;8.67194
1741615334932.625;44.92718;8.67319
1741615334936.6045;44.92704;8.67445
1741615334940.584;44.92691;8.67571
1741615334944.5635;44.92679;8.67696
1741615334948.543;44.92667;8.67822
1741615334952.5225;44.92654;8.67948
1741615334956.502;44.92641;8.68074
1741615334960.4814;44.92628;8.68199
1741615334964.461;44.92615;8.68325
1741615334968.4404;44.92602;8.68451
1741615334972.42;44.92589;8.68576
1741615334976.3994;44.92576;8.68702
1741615334980.379;44.92561;8.68827
1741615334984.3584;44.92547;8.68953
1741615334988.338;44.92533;8.69078
1741615334992.3174;44.92516;8.69203
1741615334996.2969;44.92500;8.69328
1741615335000.2764;44.92483;8.69453
1741615335004.2559;44.92467;8.69578
1741615335008.2354;44.92450;8.69702
1741615335012.2148;44.92434;8.69827
1741615335016.1943;44.92417;8.69952
1741615335020.1738;44.92400;8.70077
1741615335024.1533;44.92382;8.70201
1741615335028.1328;44.92365;8.70326
1741615335032.1123;44.92348;8.70451
1741615335036.0918;44.92331;8.70575
1741615335040.0713;44.92314;8.70700
1741615335044.0508;44.92297;8.70825
1741615335048.0303;44.92281;8.70950
1741615335052.0098;44.92264;8.71075
1741615335055.9893;44.92247;8.71199
1741615335059.9688;44.92230;8.71324
1741615335063.9482;44.92213;8.71449
1741615335067.9277;44.92196;8.71574
1741615335071.9072;44.92180;8.71698
1741615335075.8867;44.92163;8.71823
1741615335079.8662;44.92146;8.71948
1741615335083.8457;44.92128;8.72072
1741615335087.8252;44.92111;8.72197
1741615335091.8047;44.92094;8.72322
1741615335095.7842;44.92077;8.72446
1741615335099.7637;44.92060;8.72571
1741615335103.7432;44.92043;8.72696
1741615335107.7227;44.92025;8.72821
1741615335111.7021;44.92008;8.72945
1741615335115.6816;44.91992;8.73070
1741615335119.6611;44.91975;8.73195
1741615335123.6406;44.91958;8.73320
1741615335127.62;44.91941;8.73444
1741615335131.5996;44.91925;8.73569
1741615335135.579;44.91908;8.73694
1741615335139.5586;44.91894;8.73819
1741615335143.538;44.91880;8.73945
1741615335147.5176;44.91866;8.74070
1741615335151.497;44.91854;8.74196
1741615335155.4766;44.91843;8.74322
1741615335159.456;44.91832;8.74448
1741615335163.4355;44.91821;8.74574
1741615335167.415;44.91814;8.74701
1741615335171.3945;44.91806;8.74827
1741615335175.374;44.91799;8.74954
1741615335179.3535;44.91793;8.75081
1741615335183.333;44.91788;8.75208
1741615335187.3125;44.91783;8.75334
1741615335191.292;44.91778;8.75461
1741615335195.2715;44.91772;8.75588
1741615335199.251;44.91767;8.75715
1741615335203.2305;44.91762;8.75841
1741615335207.21;44.91757;8.75968
1741615335211.1895;44.91751;8.76095
1741615335215.169;44.91746;8.76222
1741615335219.1484;44.91740;8.76349
1741615335223.128;44.91734;8.76475
1741615335227.1074;44.91728;8.76602
1741615335231.087;44.91722;8.76729
1741615335235.0664;44.91716;8.76855
1741615335239.046;44.91710;8.76982
1741615335243.0254;44.91705;8.77109
1741615335247.005;44.91699;8.77236
1741615335250.9844;44.91694;8.77362
1741615335254.9639;44.91689;8.77489
1741615335258.9434;44.91684;8.77616
1741615335262.9229;44.91679;8.77743
1741615335266.9023;44.91674;8.77870
1741615335270.8818;44.91668;8.77996
1741615335274.8613;44.91663;8.78123
1741615335278.8408;44.91657;8.78250
1741615335282.8203;44.91652;8.78377
1741615335286.7998;44.91647;8.78503
1741615335290.7793;44.91641;8.78630
1741615335294.7588;44.91636;8.78757
1741615335298.7383;44.91631;8.78884
1741615335302.7178;44.91625;8.79011
1741615335306.6973;44.91620;8.79137
1741615335310.6768;44.91614;8.79264
1741615335314.6562;44.91609;8.79391
1741615335318.6357;44.91604;8.79518
1741615335322.6152;44.91598;8.79644
1741615335326.5947;44.91593;8.79771
1741615335330.5742;44.91588;8.79898
1741615335334.5537;44.91582;8.80025
1741615335338.5332;44.91576;8.80151
1741615335342.5127;44.91570;8.80278
1741615335346.4922;44.91564;8.80405
1741615335350.4717;44.91558;8.80532
1741615335354.4512;44.91551;8.80658
1741615335358.4307;44.91545;8.80785
1741615335362.4102;44.91539;8.80912
1741615335366.3896;44.91533;8.81038
1741615335370.3691;44.91527;8.81165
1741615335374.3486;44.91520;8.81292
1741615335378.3281;44.91514;8.81418
1741615335382.3076;44.91508;8.81545
1741615335386.287;44.91501;8.81672
1741615335390.2666;44.91495;8.81798
1741615335394.246;44.91489;8.81925
1741615335398.2256;44.91483;8.82052
1741615335402.205;44.91478;8.82179
1741615335406.1846;44.91472;8.82305
1741615335410.164;44.91466;8.82432
1741615335414.1436;44.91454;8.82558
1741615335418.123;44.91419;8.82674
1741615335422.1025;44.91376;8.82785
1741615335426.082;44.91369;8.82910
1741615335430.0615;44.91398;8.83030
1741615335434.041;44.91452;8.83130
1741615335438.0205;44.91526;8.83203
1741615335442;44.91595;8.83284
1741615335445.9795;44.91645;8.83388
1741615335449.959;44.91691;8.83498
1741615335453.9385;44.91737;8.83607
1741615335457.918;44.91783;8.83716
1741615335461.8975;44.91829;8.83825
1741615335465.877;44.91876;8.83933
1741615335469.8564;44.91922;8.84042
1741615335473.836;44.91966;8.84153
1741615335477.8154;44.92004;8.84268
1741615335481.795;44.92033;8.84389
1741615335485.7744;44.92062;8.84509
1741615335489.754;44.92108;8.84616
1741615335493.7334;44.92176;8.84698
1741615335497.713;44.92260;8.84743
1741615335501.6924;44.92349;8.84746
1741615335505.6719;44.92439;8.84737
1741615335509.6514;44.92528;8.84753
1741615335513.6309;44.92614;8.84789
1741615335517.6104;44.92696;8.84841
1741615335521.5898;44.92778;8.84892
1741615335525.5693;44.92860;8.84944
1741615335529.5488;44.92942;8.84996
1741615335533.5283;44.93024;8.85047
1741615335537.5078;44.93107;8.85099
1741615335541.4873;44.93189;8.85151
1741615335545.4668;44.93271;8.85203
1741615335549.4463;44.93353;8.85254
1741615335553.4258;44.93435;8.85306
1741615335557.4053;44.93517;8.85358
1741615335561.3848;44.93599;8.85409
1741615335565.3643;44.93682;8.85461
1741615335569.3438;44.93764;8.85513
1741615335573.3232;44.93846;8.85565
1741615335577.3027;44.93928;8.85616
1741615335581.2822;44.94010;8.85668
1741615335585.2617;44.94092;8.85720
1741615335589.2412;44.94174;8.85772
1741615335593.2207;44.94257;8.85823
1741615335597.2002;44.94339;8.85875
1741615335601.1797;44.94421;8.85927
1741615335605.1592;44.94503;8.85978
1741615335609.1387;44.94585;8.86030
1741615335613.1182;44.94667;8.86082
1741615335617.0977;44.94749;8.86134
1741615335621.0771;44.94830;8.86189
1741615335625.0566;44.94907;8.86255
1741615335629.0361;44.94979;8.86331
1741615335633.0156;44.95045;8.86417
1741615335636.995;44.95105;8.86512
1741615335640.9746;44.95157;8.86616
1741615335644.954;44.95202;8.86726
1741615335648.9336;44.95245;8.86837
1741615335652.913;44.95288;8.86949
1741615335656.8926;44.95331;8.87060
1741615335660.872;44.95376;8.87170
1741615335664.8516;44.95426;8.87276
1741615335668.831;44.95484;8.87373
1741615335672.8105;44.95548;8.87462
1741615335676.79;44.95617;8.87543
1741615335680.7695;44.95689;8.87619
1741615335684.749;44.95761;8.87696
1741615335688.7285;44.95833;8.87772
1741615335692.708;44.95905;8.87848
1741615335696.6875;44.95977;8.87925
1741615335700.667;44.96049;8.88001
1741615335704.6465;44.96121;8.88077
1741615335708.626;44.96192;8.88154
1741615335712.6055;44.96264;8.88230
1741615335716.585;44.96336;8.88306
1741615335720.5645;44.96408;8.88383
1741615335724.544;44.96480;8.88459
1741615335728.5234;44.96552;8.88536
1741615335732.503;44.96624;8.88612
1741615335736.4824;44.96696;8.88688
1741615335740.462;44.96768;8.88765
1741615335744.4414;44.96840;8.88841
1741615335748.421;44.96912;8.88917
1741615335752.4004;44.96983;8.88994
1741615335756.38;44.97055;8.89070
1741615335760.3594;44.97127;8.89146
1741615335764.3389;44.97199;8.89223
1741615335768.3184;44.97271;8.89299
1741615335772.2979;44.97343;8.89375
1741615335776.2773;44.97415;8.89452
1741615335780.2568;44.97487;8.89528
1741615335784.2363;44.97559;8.89603
1741615335788.2158;44.97634;8.89674
1741615335792.1953;44.97714;8.89732
1741615335796.1748;44.97794;8.89791
1741615335800.1543;44.97874;8.89848
1741615335804.1338;44.97955;8.89904
1741615335808.1133;44.98035;8.89961
1741615335812.0928;44.98114;8.90022
1741615335816.0723;44.98195;8.90078
1741615335820.0518;44.98275;8.90135
1741615335824.0312;44.98355;8.90192
1741615335828.0107;44.98436;8.90250
1741615335831.9902;44.98516;8.90307
1741615335835.9697;44.98596;8.90365
1741615335839.9492;44.98676;8.90422
1741615335843.9287;44.98757;8.90480
1741615335847.9082;44.98837;8.90537
1741615335851.8877;44.98917;8.90595
1741615335855.8672;44.98997;8.90652
1741615335859.8467;44.99077;8.90710
1741615335863.8262;44.99158;8.90767
1741615335867.8057;44.99238;8.90825
1741615335871.7852;44.99318;8.90882
1741615335875.7646;44.99398;8.90940
1741615335879.7441;44.99478;8.90998
1741615335883.7236;44.99558;8.91057
1741615335887.7031;44.99638;8.91115
1741615335891.6826;44.99718;8.91172
1741615335895.662;44.99799;8.91229
1741615335899.6416;44.99879;8.91286
1741615335903.621;44.99959;8.91344
1741615335907.6006;45.00040;8.91401
1741615335911.58;45.00120;8.91458
1741615335915.5596;45.00200;8.91516
1741615335919.539;45.00280;8.91573
1741615335923.5186;45.00361;8.91630
1741615335927.498;45.00441;8.91688
1741615335931.4775;45.00521;8.91746
1741615335935.457;45.00601;8.91805
1741615335939.4365;45.00680;8.91863
1741615335943.416;45.00760;8.91922
1741615335947.3955;45.00840;8.91980
1741615335951.375;45.00920;8.92038
1741615335955.3545;45.01001;8.92094
1741615335959.334;45.01082;8.92150
1741615335963.3135;45.01162;8.92207
1741615335967.293;45.01243;8.92263
1741615335971.2725;45.01324;8.92319
1741615335975.252;45.01404;8.92377
1741615335979.2314;45.01484;8.92434
1741615335983.211;45.01564;8.92492
1741615335987.1904;45.01644;8.92550
1741615335991.17;45.01724;8.92608
1741615335995.1494;45.01805;8.92664
1741615335999.129;45.01886;8.92721
1741615336003.1084;45.01966;8.92777
1741615336007.088;45.02047;8.92834
1741615336011.0674;45.02127;8.92890
1741615336015.0469;45.02208;8.92947
1741615336019.0264;45.02288;8.93003
1741615336023.0059;45.02369;8.93060
1741615336026.9854;45.02450;8.93116
1741615336030.9648;45.02530;8.93173
1741615336034.9443;45.02611;8.93229
1741615336038.9238;45.02691;8.93286
1741615336042.9033;45.02772;8.93342
1741615336046.8828;45.02853;8.93398
1741615336050.8623;45.02934;8.93454
1741615336054.8418;45.03015;8.93509
1741615336058.8213;45.03096;8.93564
1741615336062.8008;45.03177;8.93619
1741615336066.7803;45.03258;8.93675
1741615336070.7598;45.03338;8.93733
1741615336074.7393;45.03418;8.93791
1741615336078.7188;45.03498;8.93848
1741615336082.6982;45.03579;8.93905
1741615336086.6777;45.03659;8.93961
1741615336090.6572;45.03740;8.94018
1741615336094.6367;45.03820;8.94074
1741615336098.6162;45.03901;8.94131
1741615336102.5957;45.03981;8.94187
1741615336106.5752;45.04062;8.94244
1741615336110.5547;45.04142;8.94302
1741615336114.5342;45.04222;8.94359
1741615336118.5137;45.04303;8.94417
1741615336122.4932;45.04383;8.94474
1741615336126.4727;45.04463;8.94532
1741615336130.4521;45.04543;8.94589
1741615336134.4316;45.04624;8.94647
1741615336138.4111;45.04704;8.94704
1741615336142.3906;45.04784;8.94762
1741615336146.37;45.04864;8.94819
1741615336150.3496;45.04945;8.94876
1741615336154.329;45.05025;8.94933
1741615336158.3086;45.05105;8.94991
1741615336162.288;45.05186;8.95048
1741615336166.2676;45.05266;8.95105
1741615336170.247;45.05346;8.95162
1741615336174.2266;45.05427;8.95219
1741615336178.206;45.05507;8.95276
1741615336182.1855;45.05587;8.95335
1741615336186.165;45.05662;8.95405
1741615336190.1445;45.05734;8.95481
1741615336194.124;45.05805;8.95559
1741615336198.1035;45.05876;8.95637
1741615336202.083;45.05947;8.95715
1741615336206.0625;45.06018;8.95793
1741615336210.042;45.06090;8.95871
1741615336214.0215;45.06161;8.95949
1741615336218.001;45.06232;8.96027
1741615336221.9805;45.06303;8.96105
1741615336225.96;45.06374;8.96183
1741615336229.9395;45.06445;8.96261
1741615336233.919;45.06516;8.96338
1741615336237.8984;45.06588;8.96416
1741615336241.878;45.06659;8.96493
1741615336245.8574;45.06730;8.96571
1741615336249.837;45.06801;8.96649
1741615336253.8164;45.06872;8.96728
1741615336257.796;45.06943;8.96806
1741615336261.7754;45.07014;8.96885
1741615336265.755;45.07085;8.96962
1741615336269.7344;45.07157;8.97038
1741615336273.7139;45.07229;8.97114
1741615336277.6934;45.07301;8.97190
1741615336281.6729;45.07378;8.97257
1741615336285.6523;45.07458;8.97314
1741615336289.6318;45.07543;8.97357
1741615336293.6113;45.07630;8.97385
1741615336297.5908;45.07720;8.97400
1741615336301.5703;45.07809;8.97400
1741615336305.5498;45.07899;8.97384
1741615336309.5293;45.07986;8.97356
1741615336313.5088;45.08073;8.97320
1741615336317.4883;45.08159;8.97284
1741615336321.4678;45.08245;8.97247
1741615336325.4473;45.08331;8.97210
1741615336329.4268;45.08417;8.97174
1741615336333.4062;45.08504;8.97139
1741615336337.3857;45.08590;8.97104
1741615336341.3652;45.08676;8.97069
1741615336345.3447;45.08763;8.97033
1741615336349.3242;45.08849;8.96998
1741615336353.3037;45.08936;8.96963
1741615336357.2832;45.09023;8.96930
1741615336361.2627;45.09110;8.96899
1741615336365.2422;45.09199;8.96879
1741615336369.2217;45.09288;8.96865
1741615336373.2012;45.09378;8.96859
1741615336377.1807;45.09468;8.96864
1741615336381.1602;45.09557;8.96876
1741615336385.1396;45.09646;8.96897
1741615336389.1191;45.09734;8.96923
1741615336393.0986;45.09820;8.96959
1741615336397.0781;45.09906;8.96996
1741615336401.0576;45.09992;8.97034
1741615336405.037;45.10078;8.97072
1741615336409.0166;45.10164;8.97110
1741615336412.996;45.10249;8.97148
1741615336416.9756;45.10335;8.97185
1741615336420.955;45.10421;8.97223
1741615336424.9346;45.10507;8.97261
1741615336428.914;45.10593;8.97299
1741615336432.8936;45.10679;8.97337
1741615336436.873;45.10765;8.97375
1741615336440.8525;45.10850;8.97413
1741615336444.832;45.10936;8.97451
1741615336448.8115;45.11022;8.97488
1741615336452.791;45.11109;8.97524
1741615336456.7705;45.11196;8.97555
1741615336460.75;45.11284;8.97577
1741615336464.7295;45.11373;8.97593
1741615336468.709;45.11463;8.97609
1741615336472.6885;45.11552;8.97625
1741615336476.668;45.11641;8.97642
1741615336480.6475;45.11730;8.97658
1741615336484.627;45.11819;8.97675
1741615336488.6064;45.11909;8.97691
1741615336492.586;45.11998;8.97708
1741615336496.5654;45.12087;8.97724
1741615336500.545;45.12176;8.97740
1741615336504.5244;45.12265;8.97756
1741615336508.504;45.12355;8.97772
1741615336512.4834;45.12444;8.97789
1741615336516.463;45.12533;8.97808
1741615336520.4424;45.12621;8.97834
1741615336524.4219;45.12707;8.97868
1741615336528.4014;45.12792;8.97911
1741615336532.3809;45.12875;8.97959
1741615336536.3604;45.12958;8.98010
1741615336540.3398;45.13040;8.98061
1741615336544.3193;45.13122;8.98112
1741615336548.2988;45.13205;8.98163
1741615336552.2783;45.13287;8.98214
1741615336556.2578;45.13370;8.98265
1741615336560.2373;45.13452;8.98316
1741615336564.2168;45.13535;8.98367
1741615336568.1963;45.13617;8.98418
1741615336572.1758;45.13700;8.98469
1741615336576.1553;45.13782;8.98520
1741615336580.1348;45.13864;8.98570
1741615336584.1143;45.13947;8.98621
1741615336588.0938;45.14029;8.98672
1741615336592.0732;45.14112;8.98723
1741615336596.0527;45.14194;8.98774
1741615336600.0322;45.14277;8.98825
1741615336604.0117;45.14359;8.98876
1741615336607.9912;45.14441;8.98927
1741615336611.9707;45.14524;8.98978
1741615336615.9502;45.14606;8.99030
1741615336619.9297;45.14689;8.99080
1741615336623.9092;45.14771;8.99131
1741615336627.8887;45.14854;8.99182
1741615336631.8682;45.14936;8.99233
1741615336635.8477;45.15020;8.99280
1741615336639.8271;45.15104;8.99324
1741615336643.8066;45.15189;8.99365
1741615336647.7861;45.15274;8.99406
1741615336651.7656;45.15360;8.99447
1741615336655.745;45.15445;8.99488
1741615336659.7246;45.15530;8.99530
1741615336663.704;45.15615;8.99571
1741615336667.6836;45.15700;8.99612
1741615336671.663;45.15785;8.99653
1741615336675.6426;45.15870;8.99694
1741615336679.622;45.15955;8.99735
1741615336683.6016;45.16041;8.99776
1741615336687.581;45.16126;8.99818
1741615336691.5605;45.16211;8.99859
1741615336695.54;45.16296;8.99900
1741615336699.5195;45.16381;8.99941
1741615336703.499;45.16466;8.99982
1741615336707.4785;45.16551;9.00023
1741615336711.458;45.16636;9.00065
1741615336715.4375;45.16722;9.00106
1741615336719.417;45.16807;9.00146
1741615336723.3965;45.16892;9.00188
1741615336727.376;45.16977;9.00228
1741615336731.3555;45.17062;9.00269
1741615336735.335;45.17147;9.00310
1741615336739.3145;45.17232;9.00352
1741615336743.294;45.17317;9.00393
1741615336747.2734;45.17402;9.00435
1741615336751.253;45.17487;9.00477
1741615336755.2324;45.17573;9.00518
1741615336759.212;45.17658;9.00558
1741615336763.1914;45.17741;9.00607
1741615336767.171;45.17824;9.00656
1741615336771.1504;45.17907;9.00705
1741615336775.13;45.17990;9.00754
1741615336779.1094;45.18073;9.00803
1741615336783.0889;45.18156;9.00853
1741615336787.0684;45.18239;9.00902
1741615336791.0479;45.18322;9.00951
1741615336795.0273;45.18405;9.01001
1741615336799.0068;45.18487;9.01051
1741615336802.9863;45.18570;9.01101
1741615336806.9658;45.18653;9.01150
1741615336810.9453;45.18736;9.01198
1741615336814.9248;45.18819;9.01248
1741615336818.9043;45.18902;9.01299
1741615336822.8838;45.18984;9.01349
1741615336826.8633;45.19067;9.01399
1741615336830.8428;45.19150;9.01449
1741615336834.8223;45.19233;9.01498
1741615336838.8018;45.19316;9.01546
1741615336842.7812;45.19399;9.01595
1741615336846.7607;45.19483;9.01643
1741615336850.7402;45.19566;9.01692
1741615336854.7197;45.19649;9.01741
1741615336858.6992;45.19733;9.01786
1741615336862.6787;45.19820;9.01817
1741615336866.6582;45.19909;9.01836
1741615336870.6377;45.19999;9.01843
1741615336874.6172;45.20088;9.01838
1741615336878.5967;45.20177;9.01820
1741615336882.5762;45.20266;9.01801
1741615336886.5557;45.20355;9.01782
1741615336890.5352;45.20444;9.01762
1741615336894.5146;45.20533;9.01743
1741615336898.4941;45.20622;9.01724
1741615336902.4736;45.20711;9.01705
1741615336906.4531;45.20800;9.01686
1741615336910.4326;45.20889;9.01669
1741615336914.412;45.20979;9.01661
1741615336918.3916;45.21069;9.01663
1741615336922.371;45.21158;9.01677
1741615336926.3506;45.21247;9.01696
1741615336930.33;45.21336;9.01716
1741615336934.3096;45.21424;9.01736
1741615336938.289;45.21513;9.01755
1741615336942.2686;45.21602;9.01773
1741615336946.248;45.21690;9.01802
1741615336950.2275;45.21775;9.01842
1741615336954.207;45.21858;9.01890
1741615336958.1865;45.21939;9.01948
1741615336962.166;45.22016;9.02014
1741615336966.1455;45.22092;9.02081
1741615336970.125;45.22169;9.02148
1741615336974.1045;45.22245;9.02214
1741615336978.084;45.22322;9.02281
1741615336982.0635;45.22399;9.02348
1741615336986.043;45.22475;9.02415
1741615336990.0225;45.22552;9.02482
1741615336994.002;45.22629;9.02549
1741615336997.9814;45.22705;9.02615
1741615337001.961;45.22782;9.02682
1741615337005.9404;45.22858;9.02749
1741615337009.92;45.22935;9.02816
1741615337013.8994;45.23012;9.02883
1741615337017.879;45.23088;9.02949
1741615337021.8584;45.23165;9.03016
1741615337025.838;45.23241;9.03084
1741615337029.8174;45.23318;9.03151
1741615337033.7969;45.23394;9.03219
1741615337037.7764;45.23471;9.03286
1741615337041.7559;45.23548;9.03351
1741615337045.7354;45.23625;9.03417
1741615337049.7148;45.23701;9.03485
1741615337053.6943;45.23777;9.03553
1741615337057.6738;45.23854;9.03619
1741615337061.6533;45.23931;9.03686
1741615337065.6328;45.24007;9.03754
1741615337069.6123;45.24083;9.03822
1741615337073.5918;45.24160;9.03889
1741615337077.5713;45.24237;9.03955
1741615337081.5508;45.24314;9.04021
1741615337085.5303;45.24391;9.04086
1741615337089.5098;45.24471;9.04146
1741615337093.4893;45.24552;9.04199
1741615337097.4688;45.24634;9.04251
1741615337101.4482;45.24716;9.04303
1741615337105.4277;45.24798;9.04356
1741615337109.4072;45.24880;9.04408
1741615337113.3867;45.24962;9.04461
1741615337117.3662;45.25044;9.04514
1741615337121.3457;45.25126;9.04566
1741615337125.3252;45.25208;9.04618
1741615337129.3047;45.25290;9.04671
1741615337133.2842;45.25372;9.04724
1741615337137.2637;45.25454;9.04776
1741615337141.2432;45.25536;9.04829
1741615337145.2227;45.25618;9.04882
1741615337149.2021;45.25700;9.04934
1741615337153.1816;45.25782;9.04987
1741615337157.1611;45.25864;9.05039
1741615337161.1406;45.25946;9.05091
1741615337165.12;45.26028;9.05143
1741615337169.0996;45.26110;9.05195
1741615337173.079;45.26193;9.05247
1741615337177.0586;45.26275;9.05297
1741615337181.038;45.26359;9.05345
1741615337185.0176;45.26444;9.05384
1741615337188.997;45.26531;9.05417
1741615337192.9766;45.26618;9.05448
1741615337196.956;45.26705;9.05480
1741615337200.9355;45.26793;9.05511
1741615337204.915;45.26880;9.05543
1741615337208.8945;45.26967;9.05574
1741615337212.874;45.27054;9.05606
1741615337216.8535;45.27141;9.05637
1741615337220.833;45.27228;9.05669
1741615337224.8125;45.27315;9.05701
1741615337228.792;45.27402;9.05734
1741615337232.7715;45.27489;9.05766
1741615337236.751;45.27576;9.05798
1741615337240.7305;45.27663;9.05830
1741615337244.71;45.27750;9.05863
1741615337248.6895;45.27837;9.05895
1741615337252.669;45.27924;9.05927
1741615337256.6484;45.28012;9.05959
1741615337260.628;45.28099;9.05990
1741615337264.6074;45.28186;9.06023
1741615337268.587;45.28273;9.06056
1741615337272.5664;45.28360;9.06088
1741615337276.546;45.28447;9.06120
1741615337280.5254;45.28534;9.06152
1741615337284.505;45.28621;9.06184
1741615337288.4844;45.28708;9.06216
1741615337292.4639;45.28795;9.06248
1741615337296.4434;45.28882;9.06280
1741615337300.4229;45.28969;9.06312
1741615337304.4023;45.29056;9.06344
1741615337308.3818;45.29143;9.06376
1741615337312.3613;45.29230;9.06410
1741615337316.3408;45.29316;9.06448
1741615337320.3203;45.29398;9.06498
1741615337324.2998;45.29480;9.06554
1741615337328.2793;45.29561;9.06609
1741615337332.2588;45.29642;9.06663
1741615337336.2383;45.29723;9.06717
1741615337340.2178;45.29805;9.06772
1741615337344.1973;45.29886;9.06826
1741615337348.1768;45.29968;9.06880
1741615337352.1562;45.30049;9.06935
1741615337356.1357;45.30130;9.06990
1741615337360.1152;45.30211;9.07045
1741615337364.0947;45.30293;9.07100
1741615337368.0742;45.30374;9.07155
1741615337372.0537;45.30455;9.07210
1741615337376.0332;45.30536;9.07265
1741615337380.0127;45.30617;9.07320
1741615337383.9922;45.30699;9.07375
1741615337387.9717;45.30780;9.07430
1741615337391.9512;45.30861;9.07485
1741615337395.9307;45.30940;9.07546
1741615337399.9102;45.31015;9.07616
1741615337403.8896;45.31090;9.07687
1741615337407.8691;45.31164;9.07759
1741615337411.8486;45.31239;9.07830
1741615337415.8281;45.31314;9.07901
1741615337419.8076;45.31388;9.07973
1741615337423.787;45.31463;9.08044
1741615337427.7666;45.31538;9.08115
1741615337431.746;45.31613;9.08186
1741615337435.7256;45.31687;9.08257
1741615337439.705;45.31762;9.08328
1741615337443.6846;45.31837;9.08399
1741615337447.664;45.31911;9.08471
1741615337451.6436;45.31985;9.08543
1741615337455.623;45.32061;9.08613
1741615337459.6025;45.32136;9.08682
1741615337463.582;45.32214;9.08747
1741615337467.5615;45.32296;9.08800
1741615337471.541;45.32379;9.08849
1741615337475.5205;45.32462;9.08896
1741615337479.5;45.32546;9.08943
1741615337483.4795;45.32630;9.08990
1741615337487.459;45.32713;9.09038
1741615337491.4385;45.32797;9.09085
1741615337495.418;45.32880;9.09132
1741615337499.3975;45.32964;9.09179
1741615337503.377;45.33048;9.09226
1741615337507.3564;45.33131;9.09274
1741615337511.336;45.33215;9.09321
1741615337515.3154;45.33298;9.09368
1741615337519.295;45.33382;9.09415
1741615337523.2744;45.33466;9.09462
1741615337527.254;45.33548;9.09512
1741615337531.2334;45.33630;9.09566
1741615337535.213;45.33708;9.09628
1741615337539.1924;45.33786;9.09694
1741615337543.1719;45.33861;9.09763
1741615337547.1514;45.33936;9.09833
1741615337551.1309;45.34012;9.09902
1741615337555.1104;45.34087;9.09972
1741615337559.0898;45.34162;9.10044
1741615337563.0693;45.34237;9.10115
1741615337567.0488;45.34312;9.10186
1741615337571.0283;45.34387;9.10255
1741615337575.0078;45.34462;9.10325
1741615337578.9873;45.34538;9.10394
1741615337582.9668;45.34614;9.10463
1741615337586.9463;45.34690;9.10531
1741615337590.9258;45.34768;9.10595
1741615337594.9053;45.34846;9.10659
1741615337598.8848;45.34923;9.10724
1741615337602.8643;45.35001;9.10790
1741615337606.8438;45.35078;9.10855
1741615337610.8232;45.35155;9.10920
1741615337614.8027;45.35232;9.10986
1741615337618.7822;45.35310;9.11051
1741615337622.7617;45.35387;9.11117
1741615337626.7412;45.35464;9.11182
1741615337630.7207;45.35542;9.11247
1741615337634.7002;45.35619;9.11314
1741615337638.6797;45.35696;9.11380
1741615337642.6592;45.35773;9.11446
1741615337646.6387;45.35849;9.11513
1741615337650.6182;45.35926;9.11581
1741615337654.5977;45.36002;9.11648
1741615337658.5771;45.36079;9.11714
1741615337662.5566;45.36155;9.11784
1741615337666.5361;45.36230;9.11854
1741615337670.5156;45.36305;9.11925
1741615337674.495;45.36380;9.11995
1741615337678.4746;45.36455;9.12066
1741615337682.454;45.36530;9.12136
1741615337686.4336;45.36605;9.12207
1741615337690.413;45.36680;9.12277
1741615337694.3926;45.36755;9.12348
1741615337698.372;45.36830;9.12418
1741615337702.3516;45.36905;9.12489
1741615337706.331;45.36980;9.12559
1741615337710.3105;45.37055;9.12630
1741615337714.29;45.37130;9.12700
1741615337718.2695;45.37206;9.12770
1741615337722.249;45.37281;9.12840
1741615337726.2285;45.37356;9.12910
1741615337730.208;45.37432;9.12979
1741615337734.1875;45.37511;9.13041
1741615337738.167;45.37592;9.13095
1741615337742.1465;45.37675;9.13146
1741615337746.126;45.37757;9.13196
1741615337750.1055;45.37841;9.13244
1741615337754.085;45.37924;9.13292
1741615337758.0645;45.38007;9.13340
1741615337762.044;45.38091;9.13389
1741615337766.0234;45.38174;9.13438
1741615337770.003;45.38257;9.13487
1741615337773.9824;45.38340;9.13536
1741615337777.962;45.38423;9.13585
1741615337781.9414;45.38506;9.13634
1741615337785.921;45.38589;9.13684
1741615337789.9004;45.38670;9.13740
1741615337793.88;45.38748;9.13803
1741615337797.8594;45.38827;9.13863
1741615337801.8389;45.38910;9.13912
1741615337805.8184;45.38997;9.13944
1741615337809.7979;45.39086;9.13960
1741615337813.7773;45.39173;9.13994
1741615337817.7568;45.39260;9.14028
1741615337821.7363;45.39346;9.14065
1741615337825.7158;45.39431;9.14104
1741615337829.6953;45.39517;9.14142
1741615337833.6748;45.39603;9.14181
1741615337837.6543;45.39688;9.14221
1741615337841.6338;45.39773;9.14263
1741615337845.6133;45.39857;9.14311
1741615337849.5928;45.39940;9.14359
1741615337853.5723;45.40023;9.14407
1741615337857.5518;45.40107;9.14456
1741615337861.5312;45.40190;9.14505
1741615337865.5107;45.40273;9.14553
1741615337869.4902;45.40356;9.14601
1741615337873.4697;45.40440;9.14650
1741615337877.4492;45.40523;9.14698
1741615337881.4287;45.40606;9.14746
1741615337885.4082;45.40689;9.14795
1741615337889.3877;45.40773;9.14844
1741615337893.3672;45.40856;9.14892
1741615337897.3467;45.40939;9.14940
1741615337901.3262;45.41022;9.14989
1741615337905.3057;45.41106;9.15037
1741615337909.2852;45.41189;9.15086
1741615337913.2646;45.41272;9.15134
1741615337917.2441;45.41355;9.15183
1741615337921.2236;45.41438;9.15231
1741615337925.2031;45.41522;9.15280
1741615337929.1826;45.41604;9.15332
1741615337933.162;45.41683;9.15393
1741615337937.1416;45.41758;9.15462
1741615337941.121;45.41833;9.15534
1741615337945.1006;45.41907;9.15606
1741615337949.08;45.41981;9.15679
1741615337953.0596;45.42055;9.15752
1741615337957.039;45.42130;9.15823
1741615337961.0186;45.42204;9.15895
1741615337964.998;45.42285;9.15952
1741615337968.9775;45.42368;9.16002
1741615337972.957;45.42451;9.16051
1741615337976.9365;45.42534;9.16098
1741615337980.916;45.42618;9.16146
1741615337984.8955;45.42701;9.16194
1741615337988.875;45.42785;9.16241
1741615337992.8545;45.42865;9.16297
1741615337996.834;45.42940;9.16369
1741615338000.8135;45.43010;9.16449
1741615338004.793;45.43076;9.16536
1741615338008.7725;45.43142;9.16624
1741615338012.752;45.43208;9.16711
1741615338016.7314;45.43275;9.16795
1741615338020.711;45.43346;9.16875
1741615338024.6904;45.43422;9.16942
1741615338028.67;45.43502;9.17001
1741615338032.6494;45.43586;9.17046
1741615338036.629;45.43670;9.17092
1741615338040.6084;45.43737;9.17175
1741615338044.588;45.43743;9.17300
1741615338048.5674;45.43742;9.17428
1741615338052.5469;45.43748;9.17556
1741615338056.5264;45.43752;9.17684
1741615338060.5059;45.43744;9.17811
1741615338064.4854;45.43817;9.17837
1741615338068.4648;45.43907;9.17848
1741615338072.4443;45.43996;9.17858
1741615338076.4238;45.44086;9.17868
1741615338080.4033;45.44175;9.17882
1741615338084.3828;45.44265;9.17896
1741615338088.3623;45.44342;9.17918
1741615338092.3418;45.44349;9.18045
1741615338096.3213;45.44381;9.18165
1741615338100.3008;45.44417;9.18282
1741615338104.2803;45.44453;9.18400
1741615338108.2598;45.44489;9.18517
1741615338112.2393;45.44525;9.18634
1741615338116.2188;45.44561;9.18752
1741615338120.1982;45.44592;9.18872
1741615338124.1777;45.44603;9.18999
1741615338128.1572;45.44609;9.19127
1741615338132.1367;45.44615;9.19255
1741615338136.1162;45.44620;9.19383
1741615338140.0957;45.44625;9.19511
1741615338144.0752;45.44631;9.19639
1741615338148.0547;45.44636;9.19767
1741615338152.0342;45.44691;9.19807
1741615338156.0137;45.44778;9.19779
1741615338159.9932;45.44862;9.19746
1741615338163.9727;45.44950;9.19722
1741615338167.9521;45.45039;9.19698
1741615338171.9316;45.45127;9.19674
1741615338175.9111;45.45198;9.19684
1741615338179.8906;45.45202;9.19812
1741615338183.87;45.45198;9.19940
1741615338187.8496;45.45188;9.20067
1741615338191.829;45.45224;9.20179
1741615338195.8086;45.45306;9.20228
1741615338199.788;45.45393;9.20257
1741615338203.7676;45.45477;9.20303
1741615338207.747;45.45560;9.20353
1741615338211.7266;45.45643;9.20402
1741615338215.706;45.45726;9.20451
1741615338219.6855;45.45809;9.20501
1741615338223.665;45.45888;9.20563
1741615338227.6445;45.45965;9.20628
1741615338231.624;45.46048;9.20675
1741615338235.6035;45.46137;9.20681
1741615338239.583;45.46227;9.20677
1741615338243.5625;45.46317;9.20668
1741615338247.542;45.46339;9.20770
1741615338251.5215;45.46359;9.20895
1741615338255.501;45.46381;9.21020
1741615338259.4805;45.46408;9.21133
1741615338261.8105;45.46460;9.21132